<keymap version="1" name="macOS copy" parent="Mac OS X 10.5+">
  <action id="Back">
    <keyboard-shortcut first-keystroke="ctrl o" />
  </action>
  <action id="ExportToTextFile" />
  <action id="Forward">
    <keyboard-shortcut first-keystroke="ctrl i" />
  </action>
  <action id="Generate.Missing.Members.ES6" />
  <action id="Generate.Missing.Members.TypeScript" />
  <action id="ImplementMethods" />
  <action id="MethodHierarchy.ImplementMethodAction" />
  <action id="OverrideMethods" />
  <action id="SearchEverywhere">
    <keyboard-shortcut first-keystroke="meta t" />
  </action>
  <action id="UsageGrouping.FlattenModules" />
  <action id="Vcs.UpdateProject" />
</keymap>