<application>
  <component name="SonarLintGlobalSettings">
    <option name="sonarQubeServers">
      <list>
        <SonarQubeServer>
          <option name="hostUrl" value="https://dxp-sonarqube.tr-corporate-nonprod.aws-int.thomsonreuters.com/" />
          <option name="name" value="TR" />
          <option name="login" value="sonarlint" />
          <password>dfdfdfc1dfd3dfebdf9edf9fdfcbdfd3dfccdffedff8dffedfe8dfdbdfe4</password>
          <organizationKey>default-organization</organizationKey>
        </SonarQubeServer>
      </list>
    </option>
  </component>
</application>