<application>
  <component name="FindSettings">
    <option name="customScope" value="File '…/emcm/core/sling-servlets/src/main/java/com/tr/emcm/servlets/AbstractTRFormServlet.java [sling-servlets (1) (com.tr.emcm)]'" />
    <option name="defaultScopeName" value="File '…/emcm/core/sling-servlets/src/main/java/com/tr/emcm/servlets/AbstractTRFormServlet.java [sling-servlets (1) (com.tr.emcm)]'" />
    <option name="SEARCH_SCOPE" value="File '…/emcm/core/sling-servlets/src/main/java/com/tr/emcm/servlets/AbstractTRFormServlet.java [sling-servlets (1) (com.tr.emcm)]'" />
    <mask>*.css</mask>
    <mask>*.html</mask>
    <mask>*.xml</mask>
    <mask>*.jsp</mask>
    <mask>*.properties</mask>
    <mask>*.java</mask>
  </component>
</application>